Ezri,Vearncombe,804212227,evearncombe0@blogtalkradio.com,697 Cardinal Drive,08071998,98070834444
Frasco,Dunridge,629697858,fdunridge1@ftc.gov,62 Transport Court,21031998,98032123902
Rolf,Leipoldt,706528034,rleipoldt2@4shared.com,2 Grim Road,05111998,98110529787
Blisse,Malthus,725006726,bmalthus3@lycos.com,26678 Grim Pass,15011998,98011594741
Alyse,Diack,811482319,adiack4@constantcontact.com,6705 Brown Pass,11041998,98041164720
Melva,Messum,548933452,mmessum5@zimbio.com,88 Hintze Court,06101998,98100619063
Vin,Teffrey,616510914,vteffrey6@ning.com,27 Russell Way,23021998,98022318313
Ivie,Iianon,658056454,iiianon7@flavors.me,38 Pawling Junction,01071998,98070135211
Phineas,Grigori,632194245,pgrigori8@yandex.ru,57 Glacier Hill Park,19041998,98041912387
Arlana,South,778658531,asouth9@about.com,58 Lotheville Plaza,17041998,98041798029
Zonnya,Woodwin,897234383,zwoodwina@ucoz.ru,5 Scott Hill,27101998,98102719711
Artus,Mion,609818615,amionb@dmoz.org,424 Westridge Trail,03111998,98110334597
Kent,Burriss,877648867,kburrissc@google.com,3 Cottonwood Avenue,29061998,98062981723
Charil,Ollerenshaw,607667165,collerenshawd@shop-pro.jp,9 Manley Pass,28061998,98062856982
Peria,Bedding,656049196,pbeddinge@yale.edu,8798 Kinsman Street,10041998,98041052262
Tommie,Reeken,694808478,treekenf@businesswire.com,7106 Eliot Alley,16071998,98071616703
Kelcy,Pover,554471196,kpoverg@bbc.co.uk,57 Nelson Trail,26011998,98012653711
Joelly,Colpus,896604865,jcolpush@discovery.com,776 Elgar Point,21021998,98022121548
Desiri,Crayk,749144214,dcrayki@meetup.com,332 Spenser Court,20011998,98012081616
Fey,Marran,573487874,fmarranj@who.int,1 Lunder Place,30101998,98103012620
Cchaddie,Proudman,618590597,cproudmank@wikia.com,5 Gerald Hill,14081998,98081459877
Nolly,Pryce,728862397,nprycel@wordpress.com,53501 Grim Park,30041998,98043076842
Chicky,Dauney,895607078,cdauneym@artisteer.com,59619 Village Green Alley,29061998,98062920570
Alwin,Kitteman,750206158,akittemann@who.int,1 Meadow Valley Junction,05061998,98060563962
Karmen,Sima,855267733,ksimao@ted.com,0 Sundown Terrace,09071998,98070960216
Gaspard,Dimitrie,519645005,gdimitriep@bloomberg.com,60740 Bartelt Terrace,07031998,98030764189
Minerva,Piscopello,773261493,mpiscopelloq@tmall.com,40237 Springs Pass,17041998,98041754597
Torrin,Cary,680488002,tcaryr@typepad.com,6 3rd Park,13071998,98071350569
Claudius,ducarme,527496539,cducarmes@google.com.br,693 Bonner Road,20061998,98062063109
Lucienne,Follet,709315360,lfollett@webnode.com,01 Continental Circle,29111998,98112939562
Rivy,Duling,734355664,rdulingu@booking.com,6946 Pleasure Circle,22071998,98072291499
Jermain,McEvay,894366505,jmcevayv@newsvine.com,742 Sullivan Junction,09121998,98120995160
Deana,Wagen,871219900,dwagenw@csmonitor.com,5399 Vernon Terrace,10041998,98041060645
Stewart,Minmagh,677713118,sminmaghx@google.nl,3651 7th Court,16021998,98021666493
Lucio,Hallstone,582950218,lhallstoney@vinaora.com,1251 Logan Circle,28011998,98012853265
Oneida,Rickhuss,838172424,orickhussz@hubpages.com,4519 Anzinger Way,08101998,98100886716
Malynda,Bramsom,575856435,mbramsom10@springer.com,68988 Prairieview Street,15071998,98071585219
Laurianne,Tocqueville,854385120,ltocqueville11@apache.org,050 Katie Avenue,18051998,98051831203
Karrah,Rattery,520826482,krattery12@studiopress.com,285 Lillian Avenue,12041998,98041211818
Batholomew,Wison,785441251,bwison13@plala.or.jp,77481 Maple Wood Way,03051998,98050313146
Quintilla,Devericks,693050367,qdevericks14@example.com,023 Pine View Park,02061999,99060298114
Ambros,Ranger,739948563,aranger15@cocolog-nifty.com,1650 Sherman Center,11081999,99081112283
Lusa,Muldownie,727915144,lmuldownie16@trellian.com,2 Swallow Circle,03121999,99120374303
Lanae,Waterhouse,565130687,lwaterhouse17@squarespace.com,451 Bunting Center,25011999,99012570676
Joye,Vernalls,657058828,jvernalls18@archive.org,44082 Amoth Drive,20091999,99092039234
Torey,Wormstone,511150496,twormstone19@shutterfly.com,89 Golf Course Parkway,17121999,99121725351
Hubert,Ghent,568032937,hghent1a@vk.com,7082 Vahlen Point,20101999,99102091407
Manny,Lourens,898077212,mlourens1b@opera.com,82 Bay Terrace,22061999,99062216204
Skipper,Mains,860698643,smains1c@facebook.com,613 Raven Pass,10121999,99121021080
Fred,Patton,891267882,fpatton1d@go.com,5 Dexter Center,17011999,99011721219
Jeffie,Huntington,621426019,jhuntington1e@va.gov,0866 Daystar Park,08041999,99040833996
Tymothy,Karadzas,729816539,tkaradzas1f@foxnews.com,7049 Clyde Gallagher Road,20051999,99052034493
Carry,Saladin,810283024,csaladin1g@amazon.de,63470 Nelson Circle,20121999,99122081085
Kris,Shuxsmith,569743185,kshuxsmith1h@geocities.com,84233 Northview Plaza,17061999,99061798924
Vernor,Roubay,681859283,vroubay1i@ihg.com,4316 Starling Parkway,08091999,99090898413
Hill,Cavey,559708077,hcavey1j@dagondesign.com,22 Maywood Alley,27031999,99032746621
Sim,Burchall,556133592,sburchall1k@comcast.net,897 Prairieview Road,25051999,99052559793
Jon,Ivermee,522409661,jivermee1l@dagondesign.com,45376 Esch Junction,30101999,99103012958
Madalena,Norridge,742112800,mnorridge1m@pagesperso-orange.fr,8471 Annamark Crossing,17071999,99071739033
Hatti,Orgill,670995439,horgill1n@hhs.gov,0364 Talmadge Way,11071999,99071193203
Jed,Willmot,850219126,jwillmot1o@pcworld.com,2 Marquette Drive,09051999,99050935136
Chevalier,Tschursch,521596246,ctschursch1p@hud.gov,41 Cordelia Avenue,01031999,99030163068
Alonso,McGowan,548883062,amcgowan1q@cam.ac.uk,18553 Basil Trail,15071999,99071557416
Rozalie,Fairfoot,851879641,rfairfoot1r@mozilla.org,8446 Armistice Hill,28041999,99042899763
Berny,Sear,573826272,bsear1s@yelp.com,7504 Kensington Trail,28051999,99052899348
Gabie,Kiggel,769359429,gkiggel1t@themeforest.net,6846 Homewood Parkway,05121999,99120578597
Ruggiero,Clausner,595344071,rclausner1u@gmpg.org,5157 Southridge Point,14051999,99051430436
Armin,Gobert,527393107,agobert1v@ibm.com,92 Crest Line Trail,26081999,99082673383
Alister,Sultan,680889193,asultan1w@thetimes.co.uk,0 Kedzie Plaza,12011999,99011271516
Aylmer,Bassick,796596838,abassick1x@about.me,6 Dahle Way,24081999,99082443547
Clint,Carrel,627266518,ccarrel1y@webeden.co.uk,93 Logan Court,03021999,99020316077
Marni,Facer,533417086,mfacer1z@posterous.com,7 Service Road,06051999,99050672683
Dorie,Speerman,605781990,dspeerman20@networksolutions.com,10906 2nd Terrace,06081999,99080694938
Winni,Chittim,896361615,wchittim21@apple.com,8 Meadow Valley Pass,07041999,99040759573
Natty,Bariball,520322818,nbariball22@scientificamerican.com,891 Sunfield Pass,30111999,99113034896
Shanie,Attwoul,834414850,sattwoul23@house.gov,964 Melody Park,27111999,99112717680
Sharyl,Laverack,552011823,slaverack24@cbc.ca,8546 Coolidge Junction,13041999,99041389110
Dirk,Thynn,766093482,dthynn25@yale.edu,09 Loftsgordon Plaza,27031999,99032790894
Brig,Como,655787755,bcomo26@columbia.edu,5 Debs Court,12071999,99071278581
Shaylyn,Vondracek,737027620,svondracek27@tripadvisor.com,503 Kropf Drive,08051999,99050837681
Gennifer,Passmore,596693306,gpassmore28@soundcloud.com,413 Namekagon Place,28052000,00052878799
Eileen,Broggelli,830508554,ebroggelli29@reddit.com,51463 Goodland Terrace,10032000,00031045748
Adella,Boydell,827178961,aboydell2a@homestead.com,840 Cambridge Drive,07102000,00100776950
Meir,Denson,887524131,mdenson2b@reuters.com,04268 Hauk Circle,20062000,00062051821
Vicki,Ivashev,578821958,vivashev2c@goo.ne.jp,6029 Sauthoff Street,18042000,00041865605
Dasya,Cutajar,769811323,dcutajar2d@dagondesign.com,7 Cottonwood Hill,27022000,00022797986
Irina,Ewbanks,755884338,iewbanks2e@blogspot.com,576 Onsgard Point,18062000,00061846553
Gun,Forsard,805201944,gforsard2f@wsj.com,8682 Loeprich Park,20032000,00032011600
Kinna,Reddecliffe,600650196,kreddecliffe2g@google.ru,9 Stuart Avenue,08042000,00040826458
Stacy,Bister,599851983,sbister2h@artisteer.com,1 Myrtle Alley,28032000,00032811632
Morna,Telfer,807986001,mtelfer2i@webnode.com,6 Katie Lane,29052000,00052968584
Ollie,Hardwick,601794683,ohardwick2j@prweb.com,3318 Dahle Pass,30122000,00123056746
Madella,Huggin,610494956,mhuggin2k@naver.com,871 Elmside Street,30052000,00053086994
Ruthann,Iori,716178691,riori2l@hc360.com,11 Thierer Pass,13102000,00101339413
Stephi,Shadwick,682875683,sshadwick2m@berkeley.edu,2 Eastwood Way,05082000,00080575175
Merola,Sanderson,555651939,msanderson2n@ted.com,681 Hermina Place,16062000,00061668613
Edee,Crone,777051251,ecrone2o@yandex.ru,0 Prentice Drive,09112000,00110932517
Franzen,Rowbrey,629103915,frowbrey2p@opera.com,481 Birchwood Circle,29062000,00062993862
Alecia,Bierling,749400633,abierling2q@chron.com,44383 Dakota Street,03042000,00040383552
Eulalie,Philbrick,843337763,ephilbrick2r@china.com.cn,20820 Forest Run Place,14042000,00041455219
Bradford,Iacoboni,781574072,biacoboni2s@homestead.com,4 West Parkway,02112000,00110297756
Karola,Jest,638866262,kjest2t@etsy.com,1969 Carioca Way,17082000,00081780689
Tobin,Teggart,873745141,tteggart2u@bluehost.com,6601 Bunker Hill Avenue,29072000,00072956280
Wendeline,Doorbar,666931523,wdoorbar2v@de.vu,3658 Packers Street,07092000,00090735708
Garret,Dumphy,543111374,gdumphy2w@clickbank.net,0542 Forster Point,03122000,00120324342
Anya,Peer,825161981,apeer2x@unblog.fr,90314 Dorton Terrace,01042000,00040155637
Jana,Evanson,866246141,jevanson2y@google.cn,03 Blaine Avenue,13082000,00081373438
Kathie,Salerg,721902885,ksalerg2z@furl.net,3 Manley Lane,21012000,00012173743
Nikolai,Lacy,699239773,nlacy30@theguardian.com,7939 Twin Pines Crossing,16042000,00041620288
Kevon,Boutell,602719547,kboutell31@1688.com,110 Dixon Alley,20042000,00042039575
Ericka,Corp,640162753,ecorp32@usgs.gov,17601 Di Loreto Place,05062000,00060583462
Quent,Middup,554283355,qmiddup33@craigslist.org,85 Calypso Circle,20082000,00082054112
Atlanta,Collum,849676054,acollum34@geocities.com,6979 Carioca Junction,09092000,00090975347
Donella,Prescott,607751734,dprescott35@msu.edu,4 Karstens Trail,09032000,00030953594
Tarah,Helks,502371695,thelks36@apache.org,119 Charing Cross Drive,02072000,00070283466
Nevin,MacBain,584687539,nmacbain37@fastcompany.com,5 Forest Run Alley,22072000,00072293956
Meris,Teasdale-Markie,770126990,mteasdalemarkie38@virginia.edu,53 Dapin Pass,16012000,00011617210
Newton,Cicutto,784420956,ncicutto39@nba.com,9459 Sycamore Plaza,26012000,00012623835
Lonnie,Okie,716445776,lokie3a@telegraph.co.uk,9 Sunnyside Parkway,21032000,00032136990
Johanna,Lampke,509879575,jlampke3b@ustream.tv,22627 Shopko Plaza,03062000,00060316831
Quinlan,Beardshaw,797588388,qbeardshaw3c@unesco.org,3816 Old Shore Hill,20102001,01102074565
Wendell,Gorling,506215522,wgorling3d@wikia.com,2126 Hanover Circle,28032001,01032853146
Elle,Davidwitz,758927623,edavidwitz3e@drupal.org,9 Thierer Lane,27022001,01022765416
Rhetta,Joly,730037926,rjoly3f@linkedin.com,4575 Loftsgordon Point,07052001,01050783643
Gisela,Danzig,517605845,gdanzig3g@aol.com,20 Thackeray Lane,21082001,01082130944
Shirleen,Vaneschi,813156165,svaneschi3h@dailymail.co.uk,47 Ridgeway Court,20082001,01082085598
Netti,Drews,740228067,ndrews3i@yellowpages.com,5 Farmco Place,13092001,01091355917
Johnny,Arnoll,576665838,jarnoll3j@amazon.com,1 Vermont Trail,05102001,01100598950
Tallou,Mottley,580671747,tmottley3k@dot.gov,5160 Talmadge Drive,30072001,01073090597
Lizette,Izkovicz,698006836,lizkovicz3l@weebly.com,703 Warbler Pass,15122001,01121580690
Reinold,Bomfield,660702458,rbomfield3m@bloomberg.com,4 Clemons Avenue,22102001,01102217885
Darby,Kyttor,659541252,dkyttor3n@list-manage.com,14436 Manitowish Drive,11112001,01111183739
Hedvig,Dilleway,890666097,hdilleway3o@netvibes.com,9 Lunder Center,27042001,01042724294
Ram,Vogele,778433302,rvogele3p@ft.com,33 Clemons Street,06092001,01090648580
Ingmar,Eighteen,690156860,ieighteen3q@webnode.com,43185 Talmadge Way,15032001,01031593179
Christos,Gogin,653303036,cgogin3r@devhub.com,969 High Crossing Hill,10122001,01121055981
Maitilde,Thomassin,897816992,mthomassin3s@sbwire.com,03190 Sycamore Alley,13022001,01021313619
Corrinne,Biskup,863286289,cbiskup3t@cpanel.net,247 Bashford Parkway,28122001,01122896709
Hali,Hallet,771499526,hhallet3u@de.vu,9106 Straubel Way,01092001,01090121725
Tamra,Matfin,682908407,tmatfin3v@sbwire.com,6306 3rd Way,12092001,01091216941
Ailey,Josupeit,506694459,ajosupeit3w@phoca.cz,97 Hoard Center,25092001,01092532604
Cornela,Culwen,578375124,cculwen3x@epa.gov,81880 Mallory Alley,11052001,01051185137
Benita,Paiton,636278218,bpaiton3y@fema.gov,5987 Eliot Parkway,19052001,01051918189
Mikaela,Paramore,881756227,mparamore3z@msn.com,683 Lakewood Junction,19012001,01011994154
Georgy,Ebrall,882582301,gebrall40@aboutads.info,4093 Elmside Place,09102001,01100964925
Glyn,Mokes,805155921,gmokes41@economist.com,83 Gina Court,07052001,01050736184
Sheffie,Drury,579645999,sdrury42@sbwire.com,8 Upham Trail,09082001,01080944881
Yvette,Papaminas,664001964,ypapaminas43@blogger.com,7406 Oxford Junction,19022001,01021983805
Masha,Louis,826804068,mlouis44@xrea.com,7 Saint Paul Park,06042001,01040635676
Mary,Normington,605693701,mnormington45@netvibes.com,66 Washington Center,21072001,01072140506
Guillermo,Curnucke,505869839,gcurnucke46@apple.com,0 Banding Court,25082001,01082587488
Orelia,Fredson,867526504,ofredson47@google.es,745 Lien Plaza,12092001,01091232766
Selie,Grimmolby,572366769,sgrimmolby48@smh.com.au,075 Village Green Parkway,25042001,01042572788
Leonerd,Doughtery,788115805,ldoughtery49@hc360.com,82 Westridge Parkway,04082001,01080436451
Marian,Osgar,561043272,mosgar4a@nydailynews.com,375 Sachtjen Plaza,13082001,01081311583
Beulah,Lindwasser,750039395,blindwasser4b@bigcartel.com,01846 American Junction,09032001,01030965983
Noah,Kesby,560538997,nkesby4c@hibu.com,53859 Oak Alley,19082001,01081968759
Jeri,Chewter,555775657,jchewter4d@canalblog.com,7292 Norway Maple Hill,03062001,01060335616
Janeen,Olivie,744815391,jolivie4e@si.edu,0761 Autumn Leaf Drive,03102001,01100362085
Bellina,Herche,825334940,bherche4f@ezinearticles.com,59749 7th Lane,16112001,01111699951
Randie,Springham,729913970,rspringham4g@plala.or.jp,347 Huxley Park,16102002,02101610273
Lynde,Kingsmill,699787679,lkingsmill4h@buzzfeed.com,637 Bunker Hill Avenue,30072002,02073083738
Didi,Castan,558776918,dcastan4i@gnu.org,1 Bay Court,18122002,02121896145
Leonie,Howieson,642958872,lhowieson4j@toplist.cz,5503 Superior Court,03062002,02060390104
Hildagarde,Keepin,615181529,hkeepin4k@furl.net,94 Swallow Pass,12122002,02121225511
Joelly,Kiffe,613997392,jkiffe4l@ox.ac.uk,944 Meadow Ridge Junction,04082002,02080475352
Bryce,Lyddiard,664133252,blyddiard4m@house.gov,05764 Bartelt Avenue,15022002,02021591195
Culley,MacCollom,851697794,cmaccollom4n@drupal.org,42 Florence Avenue,05092002,02090542240
Munmro,Guyon,638012971,mguyon4o@stanford.edu,77084 Annamark Terrace,12042002,02041293274
Cathi,Ditchfield,837234155,cditchfield4p@google.cn,397 Center Center,19032002,02031975651
Aron,MacTurlough,626480592,amacturlough4q@example.com,8 Eastlawn Avenue,10062002,02061062506
Jonah,Shipley,578297222,jshipley4r@csmonitor.com,0269 Vermont Drive,19052002,02051981365
Norma,Boyat,539648163,nboyat4s@theguardian.com,2 Autumn Leaf Center,16082002,02081651294
Aveline,Wichard,800659385,awichard4t@columbia.edu,81 4th Road,03102002,02100390301
Dawna,Churchin,547440086,dchurchin4u@indiegogo.com,104 Cardinal Drive,10062002,02061026557
Carrol,Levy,628144052,clevy4v@independent.co.uk,22 Shoshone Alley,30062002,02063078064
Alyssa,Antoniades,578936432,aantoniades4w@ameblo.jp,8 Miller Circle,02112002,02110221421
Hort,Pitkins,859755943,hpitkins4x@freewebs.com,82 Green Ridge Lane,07042002,02040734514
Kissee,Deerness,712806237,kdeerness4y@booking.com,2 Packers Way,22042002,02042294587
Lena,Coade,645988777,lcoade4z@businessweek.com,3796 Laurel Crossing,21112002,02112193856
Bernardina,Billo,673992137,bbillo50@yelp.com,5549 Texas Avenue,07082002,02080785757
Allayne,Bramo,834942139,abramo51@oaic.gov.au,1081 Gateway Road,07022002,02020753090
Richmound,Hitzke,600990048,rhitzke52@mapy.cz,24304 Main Drive,27022002,2022752323
Cordie,Abeles,588664300,cabeles53@google.com.au,00 Oneill Avenue,24032002,02032444535
Mina,Guiso,641429334,mguiso54@cnn.com,1350 Hanson Crossing,25082002,02082523807
Oralia,Spinozzi,501278375,ospinozzi55@ezinearticles.com,7 Nelson Point,10032002,02031034400
Teador,Cluer,664406591,tcluer56@bandcamp.com,03313 Briar Crest Pass,11072002,02071165217
Cecilia,Jedrych,575712905,cjedrych57@yahoo.co.jp,4 Carey Lane,03032002,02030355693
Ricky,Phillott,619765316,rphillott58@upenn.edu,8 Fairview Plaza,08022002,02020852814
Hyacinthie,Fake,877525910,hfake59@berkeley.edu,44998 Buena Vista Circle,24102002,02102492249
Arluene,Pickhaver,662987467,apickhaver5a@columbia.edu,06072 Delaware Avenue,12062002,02061262573
Kettie,Ciementini,838138747,kciementini5b@marriott.com,571 Dexter Point,28092002,02092836494
Antoinette,Avrahamoff,876732353,aavrahamoff5c@webnode.com,112 Pennsylvania Pass,02082002,02080274085
Christiane,Brideau,791473584,cbrideau5d@opera.com,23 School Point,07012002,02010737705
Stephen,Duffett,859012360,sduffett5e@blinklist.com,6 Doe Crossing Hill,11112002,02111148160
Gregorio,Pawlik,864667601,gpawlik5f@amazon.co.jp,933 Colorado Center,07082002,02080771016
Vin,Pogosian,716135330,vpogosian5g@goodreads.com,67 Holmberg Drive,27102002,02102751842
Correy,Feaver,861457101,cfeaver5h@de.vu,11 Namekagon Way,15062002,02061562495
Ulick,Mitchinson,806237553,umitchinson5i@google.pl,02 Clove Way,11042002,02041174930
Honor,McCarroll,819487872,hmccarroll5j@ed.gov,673 Northwestern Plaza,16062002,02061667914
Bee,Dragoe,777416625,bdragoe5k@statcounter.com,9904 Rusk Street,14112003,03111449245
Eveleen,Siddall,860810333,esiddall5l@stanford.edu,5 Tony Pass,25022003,03022594778
Laurent,Carlile,514451948,lcarlile5m@google.es,2906 Pierstorff Court,07072003,03070786018
Adriano,Kolinsky,604426523,akolinsky5n@alexa.com,55994 Sloan Street,28122003,03122819552
Christophe,Boon,567341391,cboon5o@washington.edu,57164 Scoville Street,17092003,03091766536
Maynord,Ledford,652299954,mledford5p@bbb.org,28 High Crossing Alley,13062003,03061323336
Andrew,Sale,526172251,asale5q@nydailynews.com,14480 Fremont Point,27102003,03102766353
Aeriela,Schwandermann,615213145,aschwandermann5r@pagesperso-orange.fr,5680 Longview Park,07082003,03080745596
Nicolea,Jiggens,828560757,njiggens5s@histats.com,0 Truax Center,14072003,03071449767
Eloisa,Hek,717781261,ehek5t@ask.com,75 Kings Parkway,10082003,03081050772
Lou,Tallowin,632753457,ltallowin5u@1688.com,8 Stoughton Avenue,23112003,03112378910
Bryan,Moscone,632611753,bmoscone5v@nasa.gov,40982 Eastwood Place,30102003,03103025013
Marian,Lardeux,831883804,mlardeux5w@scribd.com,36955 School Center,15122003,03121545231
Elinore,Toffanelli,741471710,etoffanelli5x@alibaba.com,08910 Monterey Avenue,18052003,03051815291
Lavena,Espasa,686637818,lespasa5y@washingtonpost.com,10973 Nancy Point,29092003,03092992086
Mellisa,Bleibaum,838815855,mbleibaum5z@who.int,88 Reinke Plaza,18022003,03021861132
Chalmers,Alves,548757891,calves60@bloomberg.com,856 Kenwood Trail,15042003,03041584045
Lizette,Boshers,798435668,lboshers61@51.la,0546 Grim Way,06052003,03050656898
Norrie,Rosten,786254574,nrosten62@latimes.com,68 Northfield Point,25022003,03022525688
Oran,Petrollo,715029387,opetrollo63@webeden.co.uk,2092 Carioca Plaza,09042003,03040988775
Alida,Easeman,847533277,aeaseman64@cafepress.com,1 Holmberg Hill,20122003,03122058152
Nicholle,Tabourin,748647911,ntabourin65@apache.org,6774 Kim Alley,03102003,03100363975
Malva,Fraser,784315139,mfraser66@dropbox.com,53 Morningstar Trail,24012003,03012477665
Tobin,Hotton,842942889,thotton67@wordpress.org,0128 Manufacturers Hill,13052003,03051314526
Carri,Heugh,681927768,cheugh68@deviantart.com,7176 Ridgeview Court,14032003,03031490619
Theodosia,Rounsefull,516267523,trounsefull69@mapquest.com,292 Karstens Place,20042003,03042072304
Ashla,Stonehewer,686872122,astonehewer6a@indiatimes.com,35 Raven Drive,04032003,03030495053
Loreen,Kerwood,833808744,lkerwood6b@lulu.com,7 Grasskamp Court,30012003,03013024520
Madelyn,Marrion,657070299,mmarrion6c@unesco.org,5 Annamark Crossing,01102003,03100149343
Deeyn,Maiden,813235451,dmaiden6d@va.gov,2277 Kingsford Place,16122003,03121681061
Lotty,Smail,530263976,lsmail6e@cnn.com,6185 Fairfield Alley,28012003,03012812914
Arabel,Bromehead,859941090,abromehead6f@tumblr.com,8536 Birchwood Avenue,04112003,03110479012
Leilah,Foux,763140646,lfoux6g@about.me,94861 Washington Terrace,24042003,03042468655
Lillis,Matisse,830581978,lmatisse6h@mapquest.com,72 Talisman Point,14072003,03071427874
Dennison,Bilney,707867310,dbilney6i@opensource.org,73 Lakewood Street,17012003,03011757727
Clevey,Condy,571012842,ccondy6j@china.com.cn,2289 Beilfuss Alley,18092003,03091846810
Stephani,Toulch,630075016,stoulch6k@goodreads.com,71 Packers Way,10022003,03021060280
Jarrid,Paschke,627822682,jpaschke6l@moonfruit.com,64 Norway Maple Plaza,16072003,03071622940
Kliment,Blitzer,665159086,kblitzer6m@slate.com,01705 Hanson Avenue,04122003,03120437590
Joanne,Pow,853753914,jpow6n@umn.edu,15080 Colorado Center,13042003,03041323436
Lindsy,Langston,569189209,llangston6o@vistaprint.com,1 Monterey Plaza,09112004,04110937484
Aubrette,Larratt,783416073,alarratt6p@delicious.com,48981 Dayton Pass,13022004,04021393226
Dimitry,Treker,885196015,dtreker6q@weather.com,5996 Carberry Trail,02112004,04110280414
Davidson,Gatiss,551429881,dgatiss6r@yahoo.com,376 Dexter Crossing,16012004,04011617678
Rhoda,Goodbur,749185806,rgoodbur6s@purevolume.com,7340 Bunting Hill,02122004,04120262029
Abran,Butchers,805139110,abutchers6t@yandex.ru,4985 Hallows Avenue,27102004,04102795695
Neilla,Ingman,852776937,ningman6u@photobucket.com,861 Laurel Center,16102004,04101669488
Lancelot,Antczak,840893210,lantczak6v@dot.gov,006 Summer Ridge Pass,29082004,04082965208
Thomasa,Maides,782280794,tmaides6w@spotify.com,82 Esker Street,23102004,04102384596
Zach,Murrock,853070800,zmurrock6x@is.gd,58122 Buell Drive,07122004,04120763563
Shem,Cardon,535745934,scardon6y@ustream.tv,700 Manley Junction,19102004,04101989301
Erika,Palfrey,512133536,epalfrey6z@bravesites.com,690 Vermont Pass,16022004,04021629023
Nanete,Edmeads,513465775,nedmeads70@vimeo.com,5283 Heffernan Avenue,22092004,04092236153
Sheffie,Coulthard,838988153,scoulthard71@foxnews.com,7759 Holmberg Trail,29092004,04092989742
Sheila,Spry,673763638,sspry72@abc.net.au,8871 Little Fleur Park,01032004,04030169943
Vergil,Lampen,864548405,vlampen73@webeden.co.uk,998 Tennyson Terrace,17032004,04031724827
Suzann,Plose,584020083,splose74@redcross.org,82 Forster Park,07062004,04060763657
Grissel,Dallosso,607512682,gdallosso75@issuu.com,3 Carberry Pass,19102004,04101967510
Joelly,Muckeen,567950296,jmuckeen76@examiner.com,7 Marcy Place,09052004,04050961061
Lonee,Foffano,809624835,lfoffano77@apple.com,9 Clarendon Lane,30012004,04013069203
Pauly,Hardiker,640480520,phardiker78@wikia.com,83062 Parkside Crossing,09082004,04080949983
Georgiana,Probert,521388253,gprobert79@drupal.org,9372 Hanson Junction,15022004,04021598576
Georgetta,Gorrissen,814524467,ggorrissen7a@vimeo.com,1 Crescent Oaks Hill,13112004,04111360101
Valma,Toquet,511400539,vtoquet7b@ifeng.com,095 Maryland Junction,25072004,04072570480
Mendy,Kennaird,779994601,mkennaird7c@opera.com,294 American Hill,12082004,04081278013
Gwyneth,Arnli,731345331,garnli7d@oaic.gov.au,62 Eagan Street,01052004,04050130642
Mei,Ferronel,573672725,mferronel7e@forbes.com,2695 Stone Corner Way,24092004,04092441848
Merrilee,Smallcombe,754611069,msmallcombe7f@newyorker.com,455 Continental Alley,30112004,04113090139
Alford,McMurray,659336033,amcmurray7g@mediafire.com,96 Anniversary Trail,12112004,04111217079
Tania,Beric,741743062,tberic7h@sogou.com,0 Acker Way,28032004,04032826051
Wylma,Hort,629272142,whort7i@census.gov,6 Briar Crest Road,10032004,04031030963
Berna,Parsons,687174826,bparsons7j@wikia.com,6062 Dahle Trail,25022004,04022562504
Rosanna,Flahive,708046765,rflahive7k@dailymotion.com,06 Comanche Court,21072004,04072120419
Sibel,Normabell,763968621,snormabell7l@home.pl,66404 Mockingbird Alley,18032004,04031870662
Dulcinea,Loughnan,543534584,dloughnan7m@yahoo.co.jp,5054 Nevada Circle,03112004,04110338778
Rufus,Outlaw,685786294,routlaw7n@hibu.com,3 Center Trail,17042004,04041714261
Gregoor,Agett,659458528,gagett7o@vimeo.com,6049 Northwestern Drive,06012004,04010647413
Carr,Greader,516503949,cgreader7p@bing.com,456 Stoughton Court,15082004,04081550863
Scarlet,Skewis,795619577,sskewis7q@mit.edu,1 Buhler Hill,28052004,04052823333
Gard,Elbourn,526152160,gelbourn7r@house.gov,53776 Hanson Pass,19102004,04101965167
Izaak,Ascough,869304941,iascough7s@time.com,8 Glendale Trail,03012005,05010338464
Hakim,Caudrey,678795315,hcaudrey7t@scientificamerican.com,2 Vermont Trail,18032005,05031835817
Jacinthe,O Mara,515120070,jomara7u@merriam-webster.com,7 Vera Junction,07032005,05030775466
Florance,Behnecken,701969410,fbehnecken7v@arstechnica.com,0 Blaine Point,19022005,05021988204
Allin,Danielou,557819389,adanielou7w@arizona.edu,2 Claremont Center,29072005,05072920728
Tammie,Jebb,572548694,tjebb7x@sfgate.com,60873 Dryden Parkway,17042005,05041751124
Olympia,Kasher,780758130,okasher7y@princeton.edu,41 Artisan Street,08082005,05080873805
Margery,Mulvany,600853945,mmulvany7z@myspace.com,686 Lillian Court,12022005,05021242462
Lorelei,Mickleborough,616885038,lmickleborough80@state.gov,4179 Loftsgordon Drive,10052005,05051018706
Verene,Nyssen,894817687,vnyssen81@odnoklassniki.ru,5 Onsgard Terrace,09092005,05090932538
Tate,Lilburne,791501353,tlilburne82@fastcompany.com,5001 Carioca Lane,10052005,05051012250
Rubie,Heyworth,795485397,rheyworth83@networkadvertising.org,456 Cordelia Parkway,12102005,05101235751
Franklyn,Bleacher,503230195,fbleacher84@samsung.com,8 Luster Park,12062005,05061282311
Dimitri,Benech,673564673,dbenech85@linkedin.com,85834 Rieder Lane,17022005,5021799147
Phaidra,Speachley,723326104,pspeachley86@zimbio.com,54479 Bultman Crossing,27032005,05032758509
Kessiah,Cheeseman,753827370,kcheeseman87@npr.org,1347 Fairfield Point,07052005,05050724317
Raul,Roles,872775672,rroles88@about.com,501 Service Park,23082005,05082352215
Scot,Kores,581214311,skores89@wiley.com,952 Waywood Center,28122005,05122871229
Elena,Chung,571182586,echung8a@liveinternet.ru,4294 Division Avenue,22042005,05042261333
Carlos,Aldcorne,741204021,caldcorne8b@cafepress.com,9948 Merchant Trail,25032005,05032530064
Gail,Cumesky,502481712,gcumesky8c@ehow.com,68651 Ridgeview Parkway,07052005,05050797230
Belva,Harby,873504253,bharby8d@wix.com,659 Ilene Lane,16052005,05051631988
Dehlia,Dibbin,886720871,ddibbin8e@amazon.de,0662 Clyde Gallagher Pass,19052005,05051986768
Tobiah,Chrismas,785187010,tchrismas8f@unesco.org,66760 Reindahl Terrace,03082005,05080344908
Daisie,Broadberry,577729595,dbroadberry8g@flavors.me,6926 Farwell Avenue,23082005,05082359870
Suzanne,Yarmouth,772266035,syarmouth8h@mail.ru,692 Debs Drive,26052005,05052682207
Genny,Rennocks,725835096,grennocks8i@comsenz.com,4 Armistice Circle,07122005,05120792042
Francyne,Billington,796209138,fbillington8j@addtoany.com,7975 Harper Place,03012005,05010314574
Fayth,Simunek,517088835,fsimunek8k@umich.edu,7249 Packers Pass,18042005,05041843705
Felipe,Fickling,602612640,ffickling8l@salon.com,4 Warbler Lane,15112005,05111561542
Cullen,Slateford,705994078,cslateford8m@nyu.edu,06 Towne Trail,10112005,05111070943
Wilfrid,Calderbank,893450346,wcalderbank8n@google.es,4 Heath Circle,10082005,05081093160
Henri,Hayhurst,515048967,hhayhurst8o@hugedomains.com,9767 Prairieview Point,27032005,05032774036
Riannon,Castagnone,540731536,rcastagnone8p@constantcontact.com,8311 Jenifer Way,02012005,05010239157
Bennie,Anselmi,786850426,banselmi8q@delicious.com,80512 Laurel Plaza,15102005,05101553604
Wallache,Shory,808400526,wshory8r@tmall.com,5639 Boyd Center,06032005,05030698014
Gib,Grisbrook,571024931,ggrisbrook8s@tiny.cc,1 Farwell Plaza,16072005,05071649509
Garrett,Moland,627404009,gmoland8t@fda.gov,2974 Gateway Lane,08052005,05050836887
Kiley,Abel,583165784,kabel8u@apple.com,909 Rieder Lane,13042005,05041371310
Wake,Baggiani,767028838,wbaggiani8v@oracle.com,21 Russell Point,30092005,05093056860
Yance,Sleet,589717090,ysleet8w@delicious.com,12225 Eastlawn Plaza,05082006,06080519488
Toby,Gladebeck,857058351,tgladebeck8x@dell.com,701 Moland Center,11092006,06091179564
Shaw,Schuh,884439383,sschuh8y@phoca.cz,5523 Barnett Place,07012006,06010754468
Othella,Perkinson,596459783,operkinson8z@biblegateway.com,5194 Oak Parkway,28082006,06082850241
Darryl,Pepon,541372499,dpepon90@netlog.com,686 Ohio Alley,17122006,06121741064
Bathsheba,Labrow,568414300,blabrow91@mlb.com,6872 Killdeer Place,08122006,06120819606
Clem,Flukes,634207266,cflukes92@bluehost.com,3 Leroy Center,28012006,06012820433
Alisander,Verissimo,502986614,averissimo93@addthis.com,81 Starling Way,05052006,06050598364
Eirena,Chessill,641515800,echessill94@utexas.edu,47 Westend Way,26042006,06042648763
Keane,Niaves,728269195,kniaves95@creativecommons.org,958 Killdeer Crossing,14062006,06061432743
Georgetta,Friatt,656321425,gfriatt96@cnet.com,781 Orin Avenue,07122006,06120791101
Sybila,Lovitt,873599990,slovitt97@pinterest.com,4258 Ilene Place,10032006,06031012117
Belvia,Sharper,785945561,bsharper98@purevolume.com,014 Almo Hill,25072006,06072580499
Sephira,Stenhouse,516813128,sstenhouse99@bloglines.com,290 Lotheville Park,05042006,06040532627
Ardella,Blaber,642967448,ablaber9a@ibm.com,02 Donald Circle,09042006,06040991211
Francesco,Alderman,766078798,falderman9b@newsvine.com,5912 Talmadge Trail,28052006,06052812513
Zachery,Plume,711834346,zplume9c@squidoo.com,86270 Cherokee Road,27072006,06072721123
Kathryn,Gutch,757145770,kgutch9d@oracle.com,0 Bartillon Place,01042006,06040154660
Cletis,McSpirron,811938421,cmcspirron9e@mlb.com,8720 Graedel Alley,30032006,06033065052
Shae,Quinet,819647195,squinet9f@sohu.com,666 Brickson Park Place,24082006,06082458891
Rivy,Denziloe,749172306,rdenziloe9g@shop-pro.jp,398 Clove Point,27042006,06042728041
Muriel,Learie,719703258,mlearie9h@seesaa.net,6571 Annamark Trail,27042006,06042713002
Arlan,McElrath,770802230,amcelrath9i@smugmug.com,391 Hermina Crossing,16122006,06121675810
Cristina,Mapston,878636770,cmapston9j@domainmarket.com,12 Maple Wood Alley,24112006,06112470566
Sly,Vanin,842045849,svanin9k@blogspot.com,784 Ronald Regan Road,27062006,06062731201
Werner,Sweetsur,655962508,wsweetsur9l@friendfeed.com,69 Sunbrook Pass,09062006,06060945634
Eyde,Skittrall,617395451,eskittrall9m@harvard.edu,592 Erie Lane,17072006,06071710939
Merlina,Mardell,877537247,mmardell9n@cdbaby.com,363 Fallview Street,12042006,06041259879
Paule,MacNamee,506263772,pmacnamee9o@businesswire.com,2328 Amoth Hill,18082006,06081830852
Crissy,Tebbs,884554884,ctebbs9p@yahoo.com,1791 Farmco Lane,01022006,06020176654
Rubie,Grolmann,598273595,rgrolmann9q@is.gd,58 Clove Junction,23012006,06012358266
Aprilette,Fonso,859398470,afonso9r@gnu.org,037 Crownhardt Parkway,30092006,06093015114
Jorey,Marini,751906171,jmarini9s@rediff.com,75494 Glacier Hill Plaza,21102006,06102192434
Norman,Cuolahan,590432851,ncuolahan9t@army.mil,909 Eastwood Park,20052006,06052082745
Viv,Sammons,572147904,vsammons9u@domainmarket.com,79 Randy Trail,13072006,06071353801
Arlina,Folomin,821027926,afolomin9v@china.com.cn,4075 Sheridan Lane,03022006,06020354515
Stace,Lages,789140127,slages9w@washingtonpost.com,0262 Scofield Hill,03032006,06030311125
Lyell,Karlolczak,856491887,lkarlolczak9x@wisc.edu,46760 Sunfield Point,23012006,06012393566
Emalia,Doorey,767241973,edoorey9y@narod.ru,2 Straubel Lane,16082006,06081610617
Ellswerth,Hellsdon,723089608,ehellsdon9z@aol.com,13 Pierstorff Crossing,30042006,06043095696
Malissa,Kleinholz,770003475,mkleinholz7b@icio.us,6 Declaration Avenue,02111964,64839876360
Augustine,Copozio,839960987,acopozio7c@google.es,517 American Ash Circle,23061985,85129876501
Bar,Struijs,751309054,bstruijs7d@ow.ly,9456 Birchwood Plaza,09111979,79529862469
Merrilee,Murison,621159844,mmurison7e@canalblog.com,58 Moose Trail,04121971,71599811136
Ediva,Parrish,505361166,eparrish7f@thetimes.co.uk,02 Fair Oaks Alley,14121989,89169871885
Janean,Haining,753926506,jhaining7g@nydailynews.com,11 Westridge Avenue,12041999,99619829387
Farrell,Coad,884789928,fcoad7h@simplemachines.org,279 Maple Wood Place,03021954,54319891372
Lewie,Casaro,733436302,lcasaro7i@sciencedirect.com,597 Mallard Parkway,27061952,52139840962
Ernest,Enderle,673851950,eenderle7j@com.com,382 South Way,04011954,54919825993
Tades,Joerning,502949753,tjoerning7k@slashdot.org,96894 Golf Road,15041987,87799889201
Wilfrid,O Rourke,747976982,worourke7l@berkeley.edu,9952 Glendale Street,17081951,51719845762
Granger,O Duilleain,758575947,goduilleain7m@constantcontact.com,6 Summerview Road,06121957,57339892974
Wally,Ruprich,576744797,wruprich7n@ca.gov,88748 Sauthoff Alley,07031982,82989864045
Gabie,Shelford,749045258,gshelford7o@ucoz.ru,95 Corry Court,13121995,95859835183
Rozamond,Asken,607694664,rasken7p@trellian.com,83 Barby Avenue,15041981,81059822034
Dagny,Huccaby,753593053,dhuccaby7q@gravatar.com,8538 Muir Lane,28111951,51619836535
Shirl,Cowdry,553968205,scowdry7r@dedecms.com,6 Caliangt Point,24021968,68659813587
Guillermo,Broadberrie,661221041,gbroadberrie7s@harvard.edu,9212 Shoshone Lane,01031956,56129864394
Kissee,Flury,533704588,kflury7t@ebay.com,8 Elka Street,21081986,86089817213
Blythe,Meneghi,752398587,bmeneghi7u@usa.gov,86492 Clarendon Pass,10111983,83019846817
Gauthier,Costelloe,572902130,gcostelloe7v@naver.com,93414 Myrtle Hill,02051979,79459856487
Tamra,Usherwood,607507541,tusherwood7w@apache.org,07 Stuart Junction,07011984,84079851697
Victoria,Slixby,617600715,vslixby7x@usda.gov,615 Monument Alley,18071966,66929842408
Meggie,Zorn,843341389,mzorn7y@cafepress.com,6286 Gerald Trail,19101972,72569840771
Emile,Safe,712567076,esafe7z@aol.com,0668 Sherman Drive,12021998,98969896763
Donaugh,Dubbin,607124249,ddubbin80@senate.gov,8 Atwood Way,25041965,65769841189
Brandtr,Dummett,633169267,bdummett81@cyberchimps.com,2 Pine View Trail,16111950,50759823798
Allx,Boote,635701847,aboote82@foxnews.com,48625 Farragut Junction,21031972,72359875927
Nessie,Ayris,722648848,nayris83@google.co.uk,5 Garrison Point,10021993,93069869685
Sibella,Jorin,792932271,sjorin84@nbcnews.com,433 Namekagon Drive,08031983,83939887054
Randee,Falshaw,602091385,rfalshaw85@slate.com,40 Graedel Court,30121966,66299811205
Deb,O Moylane,896809429,domoylane86@house.gov,4981 Hayes Trail,01101995,95999822266
Ferrel,Hammand,760426662,fhammand87@naver.com,98469 Green Parkway,14081957,57069823208
Joshua,Torrecilla,503941559,jtorrecilla88@cnbc.com,2168 Cascade Crossing,10121953,53669868208
Gib,McFie,876874077,gmcfie89@nps.gov,5343 Maryland Park,12121956,56859892962
Miltie,Deerr,651578522,mdeerr8a@posterous.com,6887 Derek Drive,16091976,76889831894
Roth,Tuplin,851501006,rtuplin8b@ihg.com,950 Grover Park,26021987,87589870605
